Company,Price,Cost Transparency & Flexibility,Reliability & Uptime,Service Performance,Innovation (Tech Adoption),Security & Privacy,Compliance,Reputation & Reviews,Customer Support Quality,Environmental Impact
TeleNetix,5,3,2,2,2,3,2,4,5,2
SkyWave,2,4,3,5,2,2,2,2,5,2
NovaCom,4,5,2,2,3,2,4,2,3,3
OptiLink,4,2,3,3,4,5,4,2,3,4
MetroFiber,5,4,4,5,2,4,3,4,4,3
BlueSignal,5,4,5,4,5,5,4,4,4,5
CoreConnect,2,5,2,5,5,5,2,5,4,5
PulseTel,5,2,5,4,4,4,3,4,3,3
QuantumNet,3,3,3,4,4,3,2,5,3,2
SummitCom,5,4,4,5,3,3,5,2,3,4
